t_ms,phase,flight_state,alt_mm,pos_x,pos_y,pos_z,dn_escape,dn_forward,dn_backward,dn_turn_L,dn_turn_R,dn_groom,dn_feed,total_spikes,pam,ppl1,mbon_approach,mbon_avoidance,mbon_suppress,serotonin,octopamine,gaba,ach,glut,wing_freq
0.0,hunger,GROUNDED,1.78,0.05,-0.00,1.12,0.0000,0.1667,0.0000,0.0000,0.0000,0.0000,0.0000,2,0,0,0,0,0,0,0,0,2,0,0
15.0,hunger,GROUNDED,1.12,0.19,-0.03,1.16,0.0000,0.1667,0.0000,0.0000,0.0000,0.0000,0.0000,3,0,0,0,0,0,0,0,1,2,0,0
30.0,hunger,GROUNDED,1.16,0.21,-0.03,1.12,0.0000,0.1111,0.0000,0.0000,0.0000,0.0000,0.0000,1,0,0,0,0,0,0,0,1,0,0,0
45.0,hunger,GROUNDED,1.12,0.26,0.03,1.12,0.0000,0.1000,0.0000,0.0000,0.0000,0.0000,0.0000,1,0,0,0,0,0,0,0,0,1,0,0
60.0,hunger,GROUNDED,1.12,0.33,0.07,1.06,0.0000,0.1250,0.0000,0.0000,0.0000,0.0000,0.0000,7,0,0,0,0,0,0,0,2,5,0,0
75.0,hunger,GROUNDED,1.06,0.53,0.17,0.94,0.0000,0.2250,0.0000,0.0500,0.0000,0.0000,0.0000,16,0,0,0,0,0,0,0,7,9,0,0
90.0,hunger,GROUNDED,0.94,0.76,0.32,0.90,0.0000,0.2750,0.0000,0.0500,0.0000,0.0000,0.0000,2,0,0,0,0,0,0,0,0,2,0,0
105.0,hunger,GROUNDED,0.90,0.89,0.28,0.98,0.0000,0.2000,0.0000,0.0500,0.0000,0.0000,0.0000,7,0,0,0,0,0,0,0,2,5,0,0
120.0,hunger,GROUNDED,0.98,0.96,0.30,1.01,0.0000,0.1500,0.0000,0.0500,0.0000,0.0000,0.0000,6,0,0,0,0,0,0,0,1,5,0,0
135.0,hunger,GROUNDED,1.01,1.07,0.27,0.95,0.0000,0.1500,0.0000,0.0500,0.0000,0.0000,0.0000,3,0,0,0,0,0,0,0,1,2,0,0
150.0,hunger,GROUNDED,0.95,1.29,0.10,0.88,0.0000,0.1500,0.0000,0.0500,0.0000,0.0000,0.0000,3,0,0,0,0,0,0,0,2,1,0,0
165.0,hunger,GROUNDED,0.88,1.44,0.13,0.94,0.0000,0.1500,0.0000,0.0000,0.0000,0.0000,0.0000,4,0,0,0,0,0,0,0,2,2,0,0
180.0,hunger,GROUNDED,0.94,1.46,0.21,0.98,0.0000,0.1500,0.0000,0.0000,0.0000,0.0000,0.0000,2,0,0,0,0,0,0,0,1,1,0,0
195.0,hunger,GROUNDED,0.98,1.55,0.27,0.89,0.0000,0.1750,0.0000,0.0000,0.0000,0.0000,0.0000,4,0,0,0,0,0,0,0,1,3,0,0
210.0,hunger,GROUNDED,0.89,1.99,0.64,0.96,0.0000,0.2000,0.0000,0.0000,0.0000,0.0000,0.0000,7,0,0,0,0,0,0,0,4,3,0,0
225.0,hunger,GROUNDED,0.96,2.13,0.59,0.99,0.0000,0.1750,0.0000,0.0500,0.0000,0.0000,0.0000,10,0,0,0,0,0,0,0,3,7,0,0
240.0,hunger,GROUNDED,0.99,2.23,0.60,1.03,0.0000,0.2000,0.0000,0.0500,0.0000,0.0000,0.0000,6,0,0,0,0,0,0,0,3,3,0,0
255.0,hunger,GROUNDED,1.03,2.35,0.55,0.93,0.0000,0.2000,0.0000,0.0500,0.0000,0.0000,0.0000,4,0,0,0,0,0,0,0,2,2,0,0
270.0,hunger,GROUNDED,0.93,2.65,0.36,0.91,0.0000,0.2250,0.0000,0.0000,0.0000,0.0000,0.0000,7,0,0,0,0,0,0,0,4,3,0,0
285.0,hunger,GROUNDED,0.91,2.80,0.44,0.95,0.0000,0.2500,0.0000,0.0500,0.0000,0.0000,0.0000,13,0,0,0,0,0,0,0,4,9,0,0
300.0,looming,TAKEOFF,0.95,5.85,1.13,3.40,0.1000,0.2000,0.0000,0.0500,0.0000,0.0000,0.0000,167,0,0,0,0,0,0,0,12,152,3,250
315.0,looming,FLYING,3.40,7.86,1.51,4.02,0.3000,0.1250,0.0000,0.1000,0.0000,0.0000,0.0000,351,0,0,0,0,0,0,0,59,263,28,200
330.0,looming,FLYING,4.02,7.17,1.46,1.66,0.4000,0.0500,0.0000,0.0500,0.0000,0.0000,0.0000,290,0,0,0,0,0,0,0,55,215,19,200
345.0,looming,FLYING,1.66,9.91,1.66,3.65,0.5000,0.0000,0.0000,0.0500,0.0000,0.0000,0.0000,307,0,0,0,0,0,0,0,59,226,22,200
360.0,looming,FLYING,3.65,13.65,1.99,6.64,0.4000,0.0000,0.0000,0.0000,0.0000,0.0000,0.0000,296,0,0,0,0,0,0,0,44,230,21,200
375.0,looming,FLYING,6.64,12.29,1.82,3.64,0.4000,0.0000,0.0000,0.0000,0.0000,0.0000,0.0000,294,0,0,0,0,0,0,0,51,218,23,200
390.0,looming,FLYING,3.64,12.39,1.78,1.89,0.3500,0.0000,0.0000,0.0000,0.0000,0.0000,0.0000,286,0,0,0,0,0,0,0,54,215,17,200
405.0,looming,FLYING,1.89,19.18,2.43,7.87,0.3000,0.0000,0.0000,0.1000,0.0000,0.0000,0.0000,342,0,0,0,0,0,0,0,71,243,27,200
420.0,looming,FLYING,7.87,23.50,2.82,11.86,0.3000,0.0000,0.0000,0.1000,0.0500,0.0000,0.0000,302,0,0,0,0,0,0,0,51,231,20,200
435.0,looming,FLYING,11.86,18.79,2.25,6.03,0.2500,0.0000,0.0000,0.1000,0.0500,0.0000,0.0000,292,0,0,0,0,0,0,0,43,229,20,200
450.0,looming,FLYING,6.03,16.51,1.88,1.38,0.3000,0.0000,0.0000,0.0000,0.1000,0.0000,0.0000,323,0,0,0,0,0,0,2,64,232,23,200
465.0,looming,FLYING,1.38,24.89,2.53,7.61,0.4000,0.0000,0.0000,0.0000,0.0500,0.0000,0.0000,324,0,0,0,0,0,0,2,58,242,22,200
480.0,looming,FLYING,7.61,31.82,3.04,11.73,0.3500,0.0000,0.0000,0.0500,0.0500,0.0000,0.0000,318,0,0,0,0,0,0,0,59,239,19,200
495.0,looming,FLYING,11.73,29.12,2.54,6.09,0.3000,0.0000,0.0250,0.1000,0.0000,0.0000,0.0000,312,0,0,0,0,0,0,0,68,225,19,200
510.0,looming,FLYING,6.09,26.80,2.18,1.15,0.2500,0.0000,0.0750,0.1000,0.0000,0.0000,0.0000,291,0,0,0,0,0,0,0,46,220,25,200
525.0,looming,FLYING,1.15,33.47,2.83,7.02,0.3000,0.0000,0.0750,0.0500,0.0500,0.0000,0.0000,321,0,0,0,0,0,0,4,61,236,19,200
540.0,looming,FLYING,7.02,38.68,3.36,10.79,0.3000,0.0000,0.0750,0.0500,0.0500,0.0000,0.0000,322,0,0,0,0,0,0,3,55,243,20,200
555.0,looming,FLYING,10.79,34.49,2.86,4.78,0.3000,0.0000,0.0000,0.0500,0.0500,0.0000,0.0000,295,0,0,0,0,0,0,3,48,225,19,200
570.0,looming,FLYING,4.78,34.27,2.83,2.39,0.3500,0.0000,0.0000,0.0500,0.0500,0.0000,0.0000,317,0,0,0,0,0,0,1,59,228,27,200
585.0,looming,FLYING,2.39,44.03,3.93,10.20,0.3500,0.0000,0.0000,0.0500,0.0000,0.0000,0.0000,298,0,0,0,0,0,0,0,58,220,19,200
600.0,free,FLYING,10.20,51.44,4.66,16.02,0.2500,0.0000,0.0000,0.0500,0.0000,0.0000,0.0000,139,0,0,0,0,0,0,4,32,85,18,200
615.0,free,FLYING,16.02,49.22,4.17,12.08,0.2000,0.0000,0.0000,0.0500,0.0000,0.0000,0.0000,4,0,0,0,0,0,0,0,3,1,0,200
630.0,free,LANDING,12.08,48.54,4.04,6.16,0.0500,0.0000,0.0000,0.0500,0.0000,0.0000,0.0000,0,0,0,0,0,0,0,0,0,0,0,31
645.0,free,LANDING,6.16,50.32,4.26,5.61,0.0000,0.0000,0.0000,0.0500,0.0000,0.0000,0.0000,0,0,0,0,0,0,0,0,0,0,0,94
660.0,free,LANDING,5.61,50.84,4.32,5.74,0.0000,0.0000,0.0000,0.0000,0.0000,0.0000,0.0000,0,0,0,0,0,0,0,0,0,0,0,100
675.0,free,LANDING,5.74,50.81,4.31,4.93,0.0000,0.0000,0.0000,0.0000,0.0000,0.0000,0.0000,0,0,0,0,0,0,0,0,0,0,0,99
690.0,free,LANDING,4.93,51.22,4.36,3.74,0.0000,0.0000,0.0000,0.0000,0.0000,0.0000,0.0000,0,0,0,0,0,0,0,0,0,0,0,107
705.0,free,LANDING,3.74,51.90,4.43,3.74,0.0000,0.0000,0.0000,0.0000,0.0000,0.0000,0.0000,0,0,0,0,0,0,0,0,0,0,0,120
720.0,free,LANDING,3.74,52.12,4.46,3.33,0.0000,0.0000,0.0000,0.0000,0.0000,0.0000,0.0000,0,0,0,0,0,0,0,0,0,0,0,120
735.0,free,LANDING,3.33,52.38,4.49,2.33,0.0000,0.0000,0.0000,0.0000,0.0000,0.0000,0.0000,0,0,0,0,0,0,0,0,0,0,0,125
750.0,free,LANDING,2.33,52.95,4.55,2.09,0.0000,0.0000,0.0000,0.0000,0.0000,0.0000,0.0000,0,0,0,0,0,0,0,0,0,0,0,135
765.0,free,LANDING,2.09,53.29,4.59,2.01,0.0000,0.0000,0.0000,0.0000,0.0000,0.0000,0.0000,0,0,0,0,0,0,0,0,0,0,0,138
780.0,free,LANDING,2.01,53.54,4.61,1.55,0.0000,0.0000,0.0000,0.0000,0.0000,0.0000,0.0000,0,0,0,0,0,0,0,0,0,0,0,139
795.0,free,GROUNDED,1.55,53.71,4.63,1.17,0.0000,0.0000,0.0000,0.0000,0.0000,0.0000,0.0000,0,0,0,0,0,0,0,0,0,0,0,0
810.0,free,GROUNDED,1.17,53.82,4.67,1.13,0.0000,0.0000,0.0000,0.0000,0.0000,0.0000,0.0000,0,0,0,0,0,0,0,0,0,0,0,0
825.0,free,GROUNDED,1.13,53.96,4.72,1.08,0.0000,0.0000,0.0000,0.0000,0.0000,0.0000,0.0000,0,0,0,0,0,0,0,0,0,0,0,0
840.0,free,GROUNDED,1.08,54.12,5.02,1.07,0.0000,0.0000,0.0000,0.0000,0.0000,0.0000,0.0000,0,0,0,0,0,0,0,0,0,0,0,0
855.0,free,GROUNDED,1.07,54.22,5.02,1.09,0.0000,0.0000,0.0000,0.0000,0.0000,0.0000,0.0000,0,0,0,0,0,0,0,0,0,0,0,0
870.0,free,GROUNDED,1.09,54.33,5.05,1.12,0.0000,0.0000,0.0000,0.0000,0.0000,0.0000,0.0000,0,0,0,0,0,0,0,0,0,0,0,0
885.0,free,GROUNDED,1.12,54.40,5.00,1.10,0.0000,0.0000,0.0000,0.0000,0.0000,0.0000,0.0000,0,0,0,0,0,0,0,0,0,0,0,0
900.0,free,GROUNDED,1.10,54.48,4.97,1.04,0.0000,0.0000,0.0000,0.0000,0.0000,0.0000,0.0000,0,0,0,0,0,0,0,0,0,0,0,0
915.0,free,GROUNDED,1.04,54.76,4.81,0.99,0.0000,0.0000,0.0000,0.0000,0.0000,0.0000,0.0000,0,0,0,0,0,0,0,0,0,0,0,0
930.0,free,GROUNDED,0.99,54.87,4.80,1.01,0.0000,0.0000,0.0000,0.0000,0.0000,0.0000,0.0000,0,0,0,0,0,0,0,0,0,0,0,0
945.0,free,GROUNDED,1.01,55.01,4.86,1.02,0.0000,0.0000,0.0000,0.0000,0.0000,0.0000,0.0000,0,0,0,0,0,0,0,0,0,0,0,0
960.0,free,GROUNDED,1.02,55.03,4.89,1.06,0.0000,0.0000,0.0000,0.0000,0.0000,0.0000,0.0000,0,0,0,0,0,0,0,0,0,0,0,0
975.0,free,GROUNDED,1.06,55.11,4.98,1.00,0.0000,0.0000,0.0000,0.0000,0.0000,0.0000,0.0000,0,0,0,0,0,0,0,0,0,0,0,0
990.0,free,GROUNDED,1.00,55.25,5.07,0.96,0.0000,0.0000,0.0000,0.0000,0.0000,0.0000,0.0000,0,0,0,0,0,0,0,0,0,0,0,0
1005.0,free,GROUNDED,0.96,55.36,5.23,0.92,0.0000,0.0000,0.0000,0.0000,0.0000,0.0000,0.0000,0,0,0,0,0,0,0,0,0,0,0,0
1020.0,free,GROUNDED,0.92,55.51,5.32,0.95,0.0000,0.0000,0.0000,0.0000,0.0000,0.0000,0.0000,0,0,0,0,0,0,0,0,0,0,0,0
1035.0,free,GROUNDED,0.95,55.59,5.28,1.00,0.0000,0.0000,0.0000,0.0000,0.0000,0.0000,0.0000,0,0,0,0,0,0,0,0,0,0,0,0
1050.0,free,GROUNDED,1.00,55.63,5.24,1.01,0.0000,0.0000,0.0000,0.0000,0.0000,0.0000,0.0000,0,0,0,0,0,0,0,0,0,0,0,0
1065.0,free,GROUNDED,1.01,55.73,5.19,0.95,0.0000,0.0000,0.0000,0.0000,0.0000,0.0000,0.0000,0,0,0,0,0,0,0,0,0,0,0,0
1080.0,free,GROUNDED,0.95,55.97,5.12,0.95,0.0000,0.0000,0.0000,0.0000,0.0000,0.0000,0.0000,0,0,0,0,0,0,0,0,0,0,0,0
1095.0,free,GROUNDED,0.95,56.07,5.08,0.94,0.0000,0.0000,0.0000,0.0000,0.0000,0.0000,0.0000,0,0,0,0,0,0,0,0,0,0,0,0
1110.0,free,GROUNDED,0.94,56.18,5.10,1.00,0.0000,0.0000,0.0000,0.0000,0.0000,0.0000,0.0000,0,0,0,0,0,0,0,0,0,0,0,0
1125.0,free,GROUNDED,1.00,56.22,5.15,1.04,0.0000,0.0000,0.0000,0.0000,0.0000,0.0000,0.0000,0,0,0,0,0,0,0,0,0,0,0,0
1140.0,free,GROUNDED,1.04,56.29,5.24,1.00,0.0000,0.0000,0.0000,0.0000,0.0000,0.0000,0.0000,0,0,0,0,0,0,0,0,0,0,0,0
1155.0,free,GROUNDED,1.00,56.40,5.30,0.96,0.0000,0.0000,0.0000,0.0000,0.0000,0.0000,0.0000,0,0,0,0,0,0,0,0,0,0,0,0
1170.0,free,GROUNDED,0.96,56.54,5.48,0.93,0.0000,0.0000,0.0000,0.0000,0.0000,0.0000,0.0000,0,0,0,0,0,0,0,0,0,0,0,0
1185.0,free,GROUNDED,0.93,56.66,5.57,0.95,0.0000,0.0000,0.0000,0.0000,0.0000,0.0000,0.0000,0,0,0,0,0,0,0,0,0,0,0,0
1200.0,free,GROUNDED,0.95,56.76,5.53,1.00,0.0000,0.0000,0.0000,0.0000,0.0000,0.0000,0.0000,0,0,0,0,0,0,0,0,0,0,0,0
1215.0,free,GROUNDED,1.00,56.79,5.48,1.01,0.0000,0.0000,0.0000,0.0000,0.0000,0.0000,0.0000,0,0,0,0,0,0,0,0,0,0,0,0
1230.0,free,GROUNDED,1.01,56.90,5.44,0.95,0.0000,0.0000,0.0000,0.0000,0.0000,0.0000,0.0000,0,0,0,0,0,0,0,0,0,0,0,0
1245.0,free,GROUNDED,0.95,57.11,5.36,0.95,0.0000,0.0000,0.0000,0.0000,0.0000,0.0000,0.0000,0,0,0,0,0,0,0,0,0,0,0,0
1260.0,free,GROUNDED,0.95,57.24,5.33,0.92,0.0000,0.0000,0.0000,0.0000,0.0000,0.0000,0.0000,0,0,0,0,0,0,0,0,0,0,0,0
1275.0,free,GROUNDED,0.92,57.36,5.38,0.95,0.0000,0.0000,0.0000,0.0000,0.0000,0.0000,0.0000,0,0,0,0,0,0,0,0,0,0,0,0
1290.0,free,GROUNDED,0.95,57.39,5.43,1.02,0.0000,0.0000,0.0000,0.0000,0.0000,0.0000,0.0000,0,0,0,0,0,0,0,0,0,0,0,0
1305.0,free,GROUNDED,1.02,57.44,5.49,1.02,0.0000,0.0000,0.0000,0.0000,0.0000,0.0000,0.0000,0,0,0,0,0,0,0,0,0,0,0,0
1320.0,free,GROUNDED,1.02,57.49,5.53,0.98,0.0000,0.0000,0.0000,0.0000,0.0000,0.0000,0.0000,0,0,0,0,0,0,0,0,0,0,0,0
1335.0,free,GROUNDED,0.98,57.67,5.76,0.94,0.0000,0.0000,0.0000,0.0000,0.0000,0.0000,0.0000,0,0,0,0,0,0,0,0,0,0,0,0
1350.0,free,GROUNDED,0.94,57.79,5.85,0.95,0.0000,0.0000,0.0000,0.0000,0.0000,0.0000,0.0000,0,0,0,0,0,0,0,0,0,0,0,0
1365.0,free,GROUNDED,0.95,57.90,5.81,1.00,0.0000,0.0000,0.0000,0.0000,0.0000,0.0000,0.0000,0,0,0,0,0,0,0,0,0,0,0,0
1380.0,free,GROUNDED,1.00,57.92,5.78,1.02,0.0000,0.0000,0.0000,0.0000,0.0000,0.0000,0.0000,0,0,0,0,0,0,0,0,0,0,0,0
1395.0,free,GROUNDED,1.02,58.04,5.72,0.97,0.0000,0.0000,0.0000,0.0000,0.0000,0.0000,0.0000,0,0,0,0,0,0,0,0,0,0,0,0
1410.0,free,GROUNDED,0.97,58.24,5.68,0.95,0.0000,0.0000,0.0000,0.0000,0.0000,0.0000,0.0000,0,0,0,0,0,0,0,0,0,0,0,0
1425.0,free,GROUNDED,0.95,58.37,5.62,0.93,0.0000,0.0000,0.0000,0.0000,0.0000,0.0000,0.0000,0,0,0,0,0,0,0,0,0,0,0,0
1440.0,free,GROUNDED,0.93,58.50,5.65,0.94,0.0000,0.0000,0.0000,0.0000,0.0000,0.0000,0.0000,0,0,0,0,0,0,0,0,0,0,0,0
1455.0,free,GROUNDED,0.94,58.53,5.70,1.02,0.0000,0.0000,0.0000,0.0000,0.0000,0.0000,0.0000,0,0,0,0,0,0,0,0,0,0,0,0
1470.0,free,GROUNDED,1.02,58.60,5.76,0.98,0.0000,0.0000,0.0000,0.0000,0.0000,0.0000,0.0000,0,0,0,0,0,0,0,0,0,0,0,0
1485.0,free,GROUNDED,0.98,58.65,5.82,0.94,0.0000,0.0000,0.0000,0.0000,0.0000,0.0000,0.0000,0,0,0,0,0,0,0,0,0,0,0,0
